1606503463.5235;a_cool_net;smth went wrong
1606503466.5462;some_exp;smth went wrong
1606503467.555;nice;smth went wrong
1606503470.57;another_one;broke
1606503472.5805;a_cool_net;cool error dude!
1606503473.5906;another_one;broke
1606503474.5958;some_exp;broke
1606503475.6006;nice;smth went wrong
1606503476.6055;nice;cool error dude!
1606503478.6158;another_one;smth went wrong
1606503479.6254;a_cool_net;broke
1606503481.6365;nice;cool error dude!
1606503483.6533;another_one;broke
1606503484.6579;some_exp;cool error dude!
1606503485.6678;another_one;smth went wrong
1606503487.6788;another_one;cool error dude!
1606503488.6885;a_cool_net;broke
1606503489.6934;some_exp;broke
1606503494.7293;nice;broke
1606503497.7512;another_one;smth went wrong
1606503499.7628;a_cool_net;broke
1606503500.7728;some_exp;cool error dude!
1606503502.7832;another_one;smth went wrong
1606503505.8025;a_cool_net;broke
1606503510.8386;a_cool_net;smth went wrong
1606503513.8577;another_one;smth went wrong
1606503515.8725;another_one;cool error dude!
1606503519.8975;nice;broke
1606503520.9027;another_one;cool error dude!
1606503521.9137;nice;smth went wrong
1606503523.9239;a_cool_net;cool error dude!
1606503524.9351;another_one;broke
1606503526.9456;a_cool_net;smth went wrong
1606503529.9667;nice;broke
1606503531.9819;a_cool_net;smth went wrong
1606503532.9872;a_cool_net;cool error dude!
1606503533.9967;another_one;broke
1606503535.0018;a_cool_net;cool error dude!
1606503540.0371;some_exp;broke
1606503541.0424;nice;cool error dude!
1606503542.0525;a_cool_net;broke
1606503543.0576;a_cool_net;smth went wrong
1606503544.0627;nice;smth went wrong
1606503546.0779;nice;smth went wrong
1606503548.0936;some_exp;smth went wrong
1606503549.0984;nice;cool error dude!
1606503550.1033;a_cool_net;smth went wrong
1606503552.1187;some_exp;broke
1606503554.1341;a_cool_net;broke
1606503555.1399;another_one;smth went wrong
1606503556.1452;another_one;cool error dude!
1606503559.1664;another_one;smth went wrong
1606503560.1767;nice;smth went wrong
1606503564.2015;nice;broke
